{"cameraMode":{"drawMode":0,"name":"Shaded","section":"Shading Mode"},"sceneLighting":false,"audioPlay":false,"sceneViewState":{"showFog":true,"showMaterialUpdate":false,"showSkybox":false,"showFlares":true,"showImageEffects":true,"showParticleSystems":true},"in2DMode":false,"pivot":{"x":-0.7695293426513672,"y":-0.11214160919189453,"z":0.19231104850769044},"rotation":{"x":-0.1373084932565689,"y":0.16909117996692658,"z":-0.023796338587999345,"w":-0.975703239440918},"size":1.4449489116668702,"orthographic":false}