{"cameraMode":{"drawMode":0,"name":"Shaded","section":"Shading Mode"},"sceneLighting":false,"audioPlay":false,"sceneViewState":{"showFog":true,"showMaterialUpdate":false,"showSkybox":false,"showFlares":true,"showImageEffects":true,"showParticleSystems":true},"in2DMode":false,"pivot":{"x":0.4382881224155426,"y":0.047299545258283618,"z":0.5967912673950195},"rotation":{"x":0.04266170412302017,"y":0.9573323726654053,"z":-0.1998579353094101,"w":0.20434944331645966},"size":0.8660253882408142,"orthographic":false}