{"cameraMode":{"drawMode":0,"name":"Shaded","section":"Shading Mode"},"sceneLighting":true,"audioPlay":false,"sceneViewState":{"showFog":true,"showMaterialUpdate":false,"showSkybox":true,"showFlares":true,"showImageEffects":true,"showParticleSystems":true},"in2DMode":false,"pivot":{"x":9.313225746154785e-8,"y":-8.940696716308594e-8,"z":-20.0},"rotation":{"x":0.14669659733772279,"y":0.7876104116439819,"z":-0.20557059347629548,"w":0.5620456337928772},"size":20.148765563964845,"orthographic":false}